<?xml version="1.0" encoding="UTF-8" standalone="no"?><templates><template autoinsert="true" context="xhtml_new" deleted="false" description="our base template for the project" enabled="true" name="00-ESPRIT PROJECT TEMPLATE">&lt;!DOCTYPE html&gt;&#13;
&lt;html xmlns="http://www.w3.org/1999/xhtml"&#13;
      xmlns:h="http://java.sun.com/jsf/html"&#13;
      xmlns:f="http://java.sun.com/jsf/core"&#13;
      xmlns:ui="http://java.sun.com/jsf/facelets"&gt;&#13;
	&lt;h:head&gt;&#13;
		&lt;title&gt;...TITLE...&lt;/title&gt;&#13;
		&lt;h:outputStylesheet library="css" name="application.css"/&gt;&#13;
		&lt;link rel="shortcut icon" type="image/x-icon" href="#{request.contextPath}/resources/img/favicon.ico" /&gt;&#13;
	&lt;/h:head&gt;&#13;
	&lt;h:body&gt;&#13;
			&lt;div id="container"&gt;&#13;
			&#13;
				&lt;div id="header"&gt;...HEADER...&lt;/div&gt;&#13;
				&#13;
				&lt;hr&gt;&lt;/hr&gt;&#13;
				&#13;
				&lt;div id="horizon"&gt;&#13;
					&lt;div id="topbar"&gt;...TOPBAR...&lt;/div&gt;&#13;
					&lt;div id="identity"&gt;...IDENTITY...&lt;/div&gt;&#13;
				&lt;/div&gt;&#13;
					&#13;
				&lt;hr&gt;&lt;/hr&gt;&#13;
								&#13;
				&lt;div id="main"&gt;&#13;
					&lt;div id="navigation"&gt;...NAV..&lt;/div&gt;&#13;
					&lt;div id="content"&gt;...CONTENT...&lt;/div&gt;&#13;
				&lt;/div&gt;&#13;
				&#13;
				&lt;hr&gt;&lt;/hr&gt;&#13;
				&#13;
	            &lt;div id="footer"&gt;...FOOTER...&lt;/div&gt;&#13;
	            &#13;
	        &lt;/div&gt;	&#13;
	&lt;/h:body&gt;&#13;
&lt;/html&gt;</template><template autoinsert="true" context="xhtml_new" deleted="false" description="simple JSF&amp;prime page" enabled="true" name="01-ESPRIT JSF PAGE">&lt;!DOCTYPE html&gt;&#13;
&lt;html lang="en"&#13;
	  xmlns="http://www.w3.org/1999/xhtml"&#13;
	  xmlns:f="http://java.sun.com/jsf/core"&#13;
	  xmlns:h="http://java.sun.com/jsf/html"&#13;
	  xmlns:ui="http://java.sun.com/jsf/facelets"&gt;&#13;
	&lt;h:head&gt;&#13;
		&lt;title&gt;Default title&lt;/title&gt;&#13;
	&lt;/h:head&gt;&#13;
	&lt;h:body&gt;&#13;
		${cursor}&#13;
	&lt;/h:body&gt;&#13;
&lt;/html&gt;</template><template autoinsert="true" context="xhtml_new" deleted="false" description="simple JSF&amp;prime page" enabled="true" name="02-ESPRIT JSF PAGE">&lt;!DOCTYPE html&gt;&#13;
&lt;html lang="en"&#13;
	  xmlns="http://www.w3.org/1999/xhtml"&#13;
	  xmlns:f="http://java.sun.com/jsf/core"&#13;
	  xmlns:h="http://java.sun.com/jsf/html"&#13;
	  xmlns:ui="http://java.sun.com/jsf/facelets"&#13;
	  xmlns:p="http://primefaces.org/ui"&gt;&#13;
	&lt;h:head&gt;&#13;
		&lt;title&gt;Default title&lt;/title&gt;&#13;
	&lt;/h:head&gt;&#13;
	&lt;h:body&gt;&#13;
		${cursor}&#13;
	&lt;/h:body&gt;&#13;
&lt;/html&gt;</template><template autoinsert="true" context="xhtml_new" deleted="false" description="composition page based on JSF " enabled="true" name="03-ESPRIT JSF COMP">&lt;ui:composition xmlns="http://www.w3.org/1999/xhtml"&#13;
                xmlns:h="http://java.sun.com/jsf/html"&#13;
                xmlns:f="http://java.sun.com/jsf/core"&#13;
                xmlns:ui="http://java.sun.com/jsf/facelets"&gt;&#13;
                	&#13;
&#13;
&lt;/ui:composition&gt;</template><template autoinsert="true" context="xhtml_new" deleted="false" description="composition page based on JSF using a template" enabled="true" name="04-ESPRIT JSF COMP (template)">&lt;ui:composition xmlns="http://www.w3.org/1999/xhtml"&#13;
                xmlns:h="http://java.sun.com/jsf/html"&#13;
                xmlns:f="http://java.sun.com/jsf/core"&#13;
                xmlns:ui="http://java.sun.com/jsf/facelets"&#13;
                template=""&gt;&#13;
                	&#13;
			&lt;ui:define name=""&gt;&lt;/ui:define&gt;		&#13;
			&lt;ui:define name=""&gt;&lt;/ui:define&gt;&#13;
&lt;/ui:composition&gt;</template><template autoinsert="true" context="xhtml_new" deleted="false" description="composition page based on JSF and primefaces extention" enabled="true" name="05-ESPRIT JSF&amp;prime COMP">&lt;ui:composition xmlns="http://www.w3.org/1999/xhtml"&#13;
                xmlns:h="http://java.sun.com/jsf/html"&#13;
                xmlns:f="http://java.sun.com/jsf/core"&#13;
                xmlns:ui="http://java.sun.com/jsf/facelets"&#13;
                xmlns:p="http://primefaces.org/ui"&gt;&#13;
                	&#13;
&#13;
&lt;/ui:composition&gt;</template><template autoinsert="true" context="xhtml_new" deleted="false" description="composition page based on JSF and primefaces extention using a template" enabled="true" name="06-ESPRIT JSF&amp;prime COMP (template)">&lt;ui:composition xmlns="http://www.w3.org/1999/xhtml"&#13;
                xmlns:h="http://java.sun.com/jsf/html"&#13;
                xmlns:f="http://java.sun.com/jsf/core"&#13;
                xmlns:ui="http://java.sun.com/jsf/facelets"&#13;
                xmlns:p="http://primefaces.org/ui"&#13;
                template=""&gt;&#13;
                	&#13;
			&lt;ui:define name=""&gt;&lt;/ui:define&gt;		&#13;
			&lt;ui:define name=""&gt;&lt;/ui:define&gt;&#13;
&lt;/ui:composition&gt;</template></templates>